model,build_time,avg_relevance,avg_latency,score
BGE-M3,54.15986776351929,3.7241379310344827,0.06513992671308846,2.5873545737102113
E5,3.78495717048645,3.2758620689655173,0.023392381339237607,2.2860857338740908
MultiLingual,0.561194896697998,3.206896551724138,0.011012028003561086,2.241523977805828
MiniLM,2.7150490283966064,2.8275862068965516,0.01629711019581762,1.9744212117688407
