model,build_time,avg_relevance,avg_latency,score
BGE-M3,46.75331211090088,3.7241379310344827,0.03826420882652546,2.59541728907618
MultiLingual,0.31267881393432617,3.1724137931034484,0.007492344954918171,2.2184419516859384
E5,2.5886778831481934,3.103448275862069,0.007859304033476731,2.1700560018934048
MiniLM,2.1182379722595215,2.8275862068965516,0.004613843457452182,1.9779261917903503
